build,opp,tier,policy,run,outcome,elapsed,dealt,taken,pParts,pStart,eParts,eStart,pFlipS,eFlipS,pStruct,eStruct,pKJ,pCap,eKJ,eCap,pFlat,eFlat,maxRate,drives,cause
qa_r1_b1_maul_ti,mauler,Veteran,afk,0,PlayerLoss,90.0,70,312,11,12,10,11,1.7,0.9,0.92,0.91,97,300,127,300,False,False,9.14,56,"Judges' decision — damage 70 vs 312 (77.7% margin) · pieces 11/12 vs 10/11 — decided on damage"
qa_r1_b1_maul_ti,mauler,Veteran,afk,1,PlayerWin,90.0,342,337,11,12,9,11,0.0,0.0,0.92,0.82,113,300,131,300,False,False,9.14,58,"Judges' decision — damage 342 vs 337 (1.6% margin) · pieces 11/12 vs 9/11 — damage inside the draw band, decided on structure retained"
qa_r1_b1_maul_ti,mauler,Veteran,afk,2,PlayerLoss,90.0,114,275,11,12,10,11,0.0,0.0,0.92,0.91,116,300,134,300,False,False,9.14,58,"Judges' decision — damage 114 vs 275 (58.4% margin) · pieces 11/12 vs 10/11 — decided on damage"
qa_r1_b1_maul_ti,mauler,Veteran,afk,3,PlayerLoss,90.0,318,348,12,12,10,11,1.1,0.0,1.00,0.91,84,300,133,300,False,False,7.16,54,"Judges' decision — damage 318 vs 348 (8.6% margin) · pieces 12/12 vs 10/11 — decided on damage"
qa_r1_b2_vortex,mauler,Veteran,afk,0,PlayerWin,54.4,315,81,13,14,1,11,0.0,3.2,0.93,0.09,264,300,0,0,False,True,10.00,1,"Enemy counted out — every one of its 4 wheels had been torn off — nothing left to drive with"
qa_r1_b2_vortex,mauler,Veteran,afk,1,PlayerWin,53.1,466,0,14,14,1,11,0.0,0.0,1.00,0.09,264,300,0,0,False,True,10.00,1,"Enemy counted out — every one of its 4 wheels had been torn off — nothing left to drive with"
qa_r1_b2_vortex,mauler,Veteran,afk,2,PlayerWin,66.0,420,41,13,14,4,11,0.0,0.7,0.93,0.36,262,300,0,0,False,True,10.00,1,"Enemy counted out — out of power — 300 kJ of its 300 kJ pack was torn off the chassis, and what was left ran dry after 56 s"
qa_r1_b2_vortex,mauler,Veteran,afk,3,PlayerWin,50.2,326,2,14,14,4,11,0.0,0.0,1.00,0.36,266,300,0,0,False,True,10.00,1,"Enemy counted out — out of power — 300 kJ of its 300 kJ pack was torn off the chassis, and what was left ran dry after 40 s"
qa_r1_b5_discus,mauler,Veteran,afk,0,PlayerLoss,90.0,0,512,10,11,10,11,0.0,0.0,0.91,0.91,225,300,149,300,False,False,0.00,0,"Judges' decision — damage 0 vs 512 (100.0% margin) · pieces 10/11 vs 10/11 — decided on damage"
qa_r1_b5_discus,mauler,Veteran,afk,1,PlayerWin,90.0,293,194,11,11,7,11,0.0,0.0,1.00,0.64,215,300,161,300,False,False,0.00,0,"Judges' decision — damage 293 vs 194 (33.8% margin) · pieces 11/11 vs 7/11 — decided on damage"
qa_r1_b5_discus,mauler,Veteran,afk,2,PlayerWin,90.0,180,158,11,11,10,11,1.7,0.2,1.00,0.91,219,300,149,300,False,False,0.00,0,"Judges' decision — damage 180 vs 158 (12.4% margin) · pieces 11/11 vs 10/11 — damage inside the draw band, decided on structure retained"
qa_r1_b5_discus,mauler,Veteran,afk,3,PlayerLoss,90.0,212,332,10,11,10,11,0.8,0.0,0.91,0.91,219,300,142,300,False,False,0.00,0,"Judges' decision — damage 212 vs 332 (36.2% margin) · pieces 10/11 vs 10/11 — decided on damage"
qa_r1_b6_maul_abs,mauler,Veteran,afk,0,PlayerLoss,90.0,0,289,10,12,10,11,1.8,0.0,0.83,0.91,217,300,135,300,False,False,14.00,66,"Judges' decision — damage 0 vs 289 (100.0% margin) · pieces 10/12 vs 10/11 — decided on damage"
qa_r1_b6_maul_abs,mauler,Veteran,afk,1,PlayerLoss,90.0,54,282,7,12,10,11,2.5,0.5,0.58,0.91,219,240,114,300,False,False,14.00,64,"Judges' decision — damage 54 vs 282 (81.0% margin) · pieces 7/12 vs 10/11 — decided on damage"
qa_r1_b6_maul_abs,mauler,Veteran,afk,2,PlayerLoss,90.0,168,306,7,12,10,11,1.5,0.4,0.58,0.91,204,300,114,300,False,False,14.00,66,"Judges' decision — damage 168 vs 306 (45.0% margin) · pieces 7/12 vs 10/11 — decided on damage"
qa_r1_b6_maul_abs,mauler,Veteran,afk,3,PlayerLoss,90.0,17,166,10,12,10,11,0.0,0.1,0.83,0.91,259,300,103,300,False,False,14.00,67,"Judges' decision — damage 17 vs 166 (90.0% margin) · pieces 10/12 vs 10/11 — decided on damage"
qa_r1_b2_vortex,widowmaker,Champion,charge,0,PlayerLoss,14.9,0,509,0,14,11,11,0.6,0.4,0.00,1.00,0,0,244,300,True,False,16.67,1,"KO — your core was destroyed"
qa_r1_b2_vortex,widowmaker,Champion,charge,1,PlayerWin,32.8,925,423,9,14,8,11,0.0,19.9,0.64,0.73,159,300,0,0,False,True,16.67,1,"Enemy counted out — flipped onto its back — its gyro had already been sheared off, leaving only the slow emergency struts"
qa_r1_b2_vortex,widowmaker,Champion,charge,2,PlayerWin,37.9,229,319,9,14,9,11,5.2,0.5,0.64,0.82,188,300,0,60,False,True,16.67,1,"Enemy counted out — out of power — 240 kJ of its 300 kJ pack was torn off the chassis, and what was left ran dry after 28 s"
qa_r1_b2_vortex,bulwark,Champion,charge,0,PlayerWin,54.1,284,144,12,14,11,13,3.4,0.0,0.86,0.85,137,300,0,60,False,True,16.67,1,"Enemy counted out — out of power — 240 kJ of its 300 kJ pack was torn off the chassis, and what was left ran dry after 44 s"
qa_r1_b2_vortex,bulwark,Champion,charge,1,PlayerWin,44.5,549,150,12,14,10,13,0.0,0.0,0.86,0.77,172,300,0,60,False,True,16.67,1,"Enemy counted out — out of power — 240 kJ of its 300 kJ pack was torn off the chassis, and what was left ran dry after 35 s"
qa_r1_b2_vortex,bulwark,Champion,charge,2,PlayerWin,81.6,941,50,12,14,9,13,1.4,21.4,0.86,0.69,58,300,0,60,False,True,16.67,1,"Enemy counted out — out of power — 240 kJ of its 300 kJ pack was torn off the chassis, and what was left ran dry after 72 s"
qa_r1_b5_discus,tipper,Rookie,charge,0,PlayerWin,48.2,248,483,11,11,10,12,0.0,1.9,1.00,0.83,22,300,0,60,False,True,0.00,0,"Enemy counted out — out of power — 240 kJ of its 300 kJ pack was torn off the chassis, and what was left ran dry after 38 s"
qa_r1_b5_discus,tipper,Rookie,charge,1,PlayerWin,41.1,1081,161,11,11,4,12,0.2,11.3,1.00,0.33,8,300,0,0,False,True,0.00,0,"Enemy counted out — out of power — 300 kJ of its 300 kJ pack was torn off the chassis, and what was left ran dry after 31 s"
qa_r1_b5_discus,tipper,Rookie,charge,2,PlayerWin,27.4,613,417,10,11,0,12,1.3,5.4,0.91,0.00,126,300,0,0,False,True,0.00,0,"KO — enemy core destroyed"
qa_r1_b5_discus,scout,Champion,charge,0,PlayerLoss,57.0,446,38,11,11,6,11,2.4,3.7,1.00,0.55,0,300,250,300,True,False,0.00,0,"Counted out — out of power — all 300 kJ spent in 47 s; carry more battery, or spend less on driving and spinning"
qa_r1_b5_discus,scout,Champion,charge,1,PlayerWin,5.9,409,0,11,11,0,11,0.0,0.0,1.00,0.00,253,300,0,0,False,True,0.00,0,"KO — enemy core destroyed"
qa_r1_b5_discus,scout,Champion,charge,2,PlayerLoss,63.1,579,22,11,11,2,11,0.0,15.2,1.00,0.18,0,300,222,240,True,False,0.00,0,"Counted out — out of power — all 300 kJ spent in 53 s; carry more battery, or spend less on driving and spinning"
qa_r1_b4_plough,tipper,Veteran,charge,0,PlayerLoss,35.0,100,111,12,13,10,12,9.5,7.2,0.92,0.83,0,60,33,60,True,False,5.57,12,"Counted out — out of power — 240 kJ of its 300 kJ pack was torn off the chassis, and what was left ran dry after 25 s"
qa_r1_b4_plough,tipper,Veteran,charge,1,PlayerLoss,41.6,141,82,12,13,9,12,6.2,2.9,0.92,0.75,0,60,8,60,True,False,5.57,16,"Counted out — out of power — 240 kJ of its 300 kJ pack was torn off the chassis, and what was left ran dry after 32 s"
qa_r1_b4_plough,tipper,Veteran,charge,2,PlayerLoss,43.2,26,104,12,13,9,12,2.4,2.2,0.92,0.75,0,60,3,60,True,False,5.57,17,"Counted out — out of power — 240 kJ of its 300 kJ pack was torn off the chassis, and what was left ran dry after 33 s"
qa_r1_b4_plough,scout,Rookie,charge,0,PlayerLoss,33.2,0,81,12,13,5,11,7.8,4.3,0.92,0.45,0,60,52,60,True,False,5.57,12,"Counted out — out of power — 240 kJ of its 300 kJ pack was torn off the chassis, and what was left ran dry after 23 s"
qa_r1_b4_plough,scout,Rookie,charge,1,PlayerLoss,45.2,138,172,12,13,5,11,7.7,3.4,0.92,0.45,0,60,53,60,True,False,5.57,19,"Counted out — out of power — 240 kJ of its 300 kJ pack was torn off the chassis, and what was left ran dry after 35 s"
qa_r1_b4_plough,scout,Rookie,charge,2,PlayerLoss,40.4,0,60,12,13,9,11,6.2,1.5,0.92,0.82,0,60,263,300,True,False,5.57,12,"Counted out — out of power — 240 kJ of its 300 kJ pack was torn off the chassis, and what was left ran dry after 30 s"
# SWEEP B DONE
